number,value,datetime_start,datetime_complete,duration,params_colsample_bylevel,params_colsample_bynode,params_colsample_bytree,params_gamma,params_learning_rate,params_max_bin,params_max_depth,params_max_leaves,params_min_child_weight,params_n_estimators,params_reg_alpha,params_reg_lambda,params_scale_pos_weight,params_subsample,state
0,0.3123451776343647,2026-04-14 14:05:12.443942,2026-04-14 14:05:16.303785,0 days 00:00:03.859843,0.7207805082202461,0.8540362888980227,0.9063233020424546,8.324426408004218,0.0011037070265134034,358,9,188,5.523841089749877,999,1.5836105732402e-08,25.53445324755568,1.2321380195091896,0.5290418060840998,COMPLETE
1,0.3186443750645344,2026-04-14 14:05:16.304221,2026-04-14 14:05:29.819918,0 days 00:00:13.515697,0.5045012539746527,0.6831809216468459,0.3976457024564293,1.9967378215835974,0.004477428417528145,330,4,78,9.445645065743216,691,0.0002650996148684708,0.4124754430303407,2.3821657089541035,0.8059264473611898,COMPLETE
2,0.2859262878613288,2026-04-14 14:05:29.822050,2026-04-14 14:05:33.967088,0 days 00:00:04.145038,0.5132296384213595,0.5488360570031919,0.8658781436815227,1.2203823484477883,0.000695587101817605,193,3,156,28.517680580346664,1348,0.04328681181816577,0.00018579149703336993,2.3095687416393704,0.9828160165372797,COMPLETE
3,0.31531034234116884,2026-04-14 14:05:33.967741,2026-04-14 14:05:39.639713,0 days 00:00:05.671972,0.978709239435191,0.8875664116805573,0.4293981188678689,5.978999788110851,0.002432308267323791,383,9,66,16.081972614156513,455,12.947086612880602,4.774233225501719,3.9350120445940084,0.7733551396716398,COMPLETE
4,0.3024572426408171,2026-04-14 14:05:39.640366,2026-04-14 14:05:45.338326,0 days 00:00:05.697960,0.49665415678116653,0.7713480415791243,0.5497273286855124,0.7455064367977082,0.003594689518561294,253,4,11,8.869121921442982,541,2.327125638489774e-07,0.6032321141150596,4.18266876568502,0.9143687545759647,COMPLETE
5,0.4073974203406588,2026-04-14 14:05:45.338947,2026-04-14 14:05:45.389196,0 days 00:00:00.050249,0.5509260099809908,0.5579345297625649,0.35183125621386324,3.308980248526492,0.018070426410719067,441,4,1,22.14120787318863,1636,2.3507921846521724,0.011100686452941145,0.6653786880836943,0.8856351733429728,PRUNED
6,0.3228007985780485,2026-04-14 14:05:45.389770,2026-04-14 14:05:49.873982,0 days 00:00:04.484212,0.8325495340318282,0.7806385987847482,0.7992713510560965,5.227328293819941,0.04513291031390362,373,5,187,14.69423282969653,897,0.30032228022192725,0.0006156142687895104,2.051919347395952,0.5597971229691509,COMPLETE
7,0.6027005002195103,2026-04-14 14:05:49.874408,2026-04-14 14:05:49.935221,0 days 00:00:00.060813,0.5872680461249408,0.8777755692715243,0.47450456040421246,2.8975145291376805,0.0024651781168983818,373,3,8,15.74855004377638,440,1.6561762183321752e-06,5.579892555161637e-08,1.0374118778260515,0.9537832369630466,PRUNED
8,0.31918179547345016,2026-04-14 14:05:49.935684,2026-04-14 14:05:54.747922,0 days 00:00:04.812238,0.8652081086148438,0.9480456499617467,0.6775395693409555,2.279351625419417,0.02953654470298988,463,8,162,6.410531707695039,1888,1.2142445560368579e-05,1.1678587390897415e-07,2.050269019808024,0.9462794992449889,COMPLETE
9,0.4073974203406588,2026-04-14 14:05:54.748338,2026-04-14 14:05:54.804263,0 days 00:00:00.055925,0.9600367927387634,0.6616014660103776,0.5363306199825395,3.63629602379294,0.004159048045255321,324,9,1,7.441126503651177,1709,0.001075807775398724,0.0658506088548387,4.125128954331139,0.5599326836668415,PRUNED
10,0.32192083291166446,2026-04-14 14:05:54.804634,2026-04-14 14:05:57.535049,0 days 00:00:02.730415,0.7417523754273225,0.9961813327301685,0.7465802286477426,6.087825165646255,0.0736107157281104,134,6,249,22.107297066960665,954,0.09280038502578433,2.8426153307232247e-05,2.8642448107899625,0.628963476300746,COMPLETE
11,0.3216412775953573,2026-04-14 14:05:57.535459,2026-04-14 14:06:00.391279,0 days 00:00:02.855820,0.7263517044036213,0.9642924430091888,0.7826756207844494,6.322441891996555,0.06725124627588265,131,6,255,22.064229748611993,948,0.102850732793407,2.6178967185359545e-05,3.1000171331842115,0.6350997878956894,COMPLETE
12,0.3255246858695716,2026-04-14 14:06:00.391677,2026-04-14 14:06:03.786604,0 days 00:00:03.394927,0.3091982210024658,0.7794514053607521,0.9962512259075185,8.117864228285725,0.06356526186552694,246,6,250,21.382215245381573,1223,0.14373012734346022,1.1648450480971793e-05,3.023124337217472,0.6561174679610583,COMPLETE
13,0.6101038698293151,2026-04-14 14:06:03.786976,2026-04-14 14:06:03.861605,0 days 00:00:00.074629,0.3486474192102144,0.7704165468655233,0.979093109915352,9.329877492043227,0.014374440790085086,276,7,210,1.5299397690703813,1294,48.140878935555925,2.462888802553644e-06,1.6139170300485803,0.6789158265592636,PRUNED
14,0.6358376773299894,2026-04-14 14:06:03.861934,2026-04-14 14:06:04.422620,0 days 00:00:00.560686,0.30347946506440376,0.6954771034439046,0.9921172727619282,7.958774436019819,0.033733694637302275,245,5,216,18.340657158061187,1135,0.005520735347605025,0.002613398012244508,3.2825444429332844,0.6952860982252633,PRUNED
15,0.6347136413200931,2026-04-14 14:06:04.422979,2026-04-14 14:06:05.035990,0 days 00:00:00.613011,0.8507464815656135,0.8314602812244482,0.8227496039808404,4.489782436335486,0.009968231226239509,499,7,113,27.82601240966563,790,0.8411084150939464,3.3708307088132838e-06,3.5337381005726076,0.5836880263526633,PRUNED
16,0.6198485971814974,2026-04-14 14:06:05.036351,2026-04-14 14:06:05.118150,0 days 00:00:00.081799,0.40308295176675724,0.6344370076601448,0.669410837034608,7.44481473962488,0.036931158192594765,206,5,221,12.56352380757061,1482,8.318032713174084e-05,0.0006657406750879334,2.6688133795440376,0.7220700096712316,PRUNED
17,0.6363636968578136,2026-04-14 14:06:05.118518,2026-04-14 14:06:05.681804,0 days 00:00:00.563286,0.8408811657621367,0.7349074171376352,0.9340089798016392,9.96898640973156,0.04223817097104698,290,5,175,18.994797472821855,1153,0.007222766915843963,8.823303701732742e-07,1.7966288153587198,0.5226535695020998,PRUNED
18,0.635206302968563,2026-04-14 14:06:05.682160,2026-04-14 14:06:06.321443,0 days 00:00:00.639283,0.6114421480544474,0.8075562537292967,0.7434450737763447,4.990093806463503,0.017381890843899375,413,7,123,12.200321779167986,718,0.4898471787375696,1.213019180730276e-08,3.547586911016695,0.6141656053231529,PRUNED
19,0.6295801503561241,2026-04-14 14:06:06.321811,2026-04-14 14:06:06.614800,0 days 00:00:00.292989,0.4136874366741238,0.6142039500491774,0.8552398942405277,6.842087908693816,0.008845410491398096,189,6,230,24.333655780803053,1486,6.391103580755987,4.4463948595597394e-05,2.636172883295482,0.8500130289685514,PRUNED
20,0.32460550944732913,2026-04-14 14:06:06.615155,2026-04-14 14:06:10.050095,0 days 00:00:03.434940,0.6745927539755863,0.7481543731907188,0.6047951172166767,8.922191431744098,0.05674970990162109,298,6,194,12.166509868564017,860,0.0065138350373285065,0.004321455264130068,1.734078460640643,0.6686480178432997,COMPLETE
21,0.6363059086163506,2026-04-14 14:06:10.050484,2026-04-14 14:06:10.566967,0 days 00:00:00.516483,0.6556689177503627,0.7262725431198107,0.5811045306297818,8.808601332850833,0.05321546028876724,295,6,193,12.74977987243718,857,0.013462444971405616,0.006457536413450481,1.529491671887913,0.6763873247858583,PRUNED
22,0.6358901355079518,2026-04-14 14:06:10.567322,2026-04-14 14:06:11.092836,0 days 00:00:00.525514,0.7841664355252962,0.7912493416550591,0.6135749719638479,7.366558167711847,0.025253621555345263,223,5,142,18.490273549171903,1088,0.0015858281509586178,0.00038478550759436076,1.9272797014319838,0.5875277492484647,PRUNED
23,0.6422606596817964,2026-04-14 14:06:11.093177,2026-04-14 14:06:12.212897,0 days 00:00:01.119720,0.6653917615716426,0.7226003785144569,0.703947311693585,9.982835861660032,0.06260002884038038,346,7,198,14.514912002574373,621,0.15839021416740603,0.05501544491241188,2.220124944248239,0.7475153287081597,PRUNED
24,0.6202404140726488,2026-04-14 14:06:12.213252,2026-04-14 14:06:12.292799,0 days 00:00:00.079547,0.9052296361597353,0.9077468471581682,0.809934091300095,8.690522776744931,0.023551883272395057,301,6,243,25.331600079253988,827,0.6727545174283962,7.799266309721621e-05,1.2255357984595348,0.5020188073992402,PRUNED
25,0.6311246288658694,2026-04-14 14:06:12.293141,2026-04-14 14:06:12.646300,0 days 00:00:00.353159,0.8082735631806831,0.8201676902234107,0.6156836560808747,5.532386629366126,0.07974378732564527,414,8,175,10.598344723440444,1302,0.00010059550898337823,0.0033043936898927468,2.5510817368436403,0.6478698683834717,PRUNED
26,0.6372237956179249,2026-04-14 14:06:12.646662,2026-04-14 14:06:13.244764,0 days 00:00:00.598102,0.6934596848672226,0.7576584400174716,0.9146308991446542,4.3571728966440855,0.047578217427508354,262,5,233,20.210302410384706,1055,0.044630550554695614,5.703504027979343e-06,2.980530712531046,0.5579455607654269,PRUNED
27,0.6185457169263116,2026-04-14 14:06:13.245111,2026-04-14 14:06:13.315855,0 days 00:00:00.070744,0.9161187180933588,0.5000857820058864,0.7497585425798491,7.745987052429323,0.011202225328145115,168,4,107,16.59667862709182,1235,0.003979341774759116,0.03220734245914538,0.5840919979034143,0.7046037489336026,PRUNED
28,0.633579437465345,2026-04-14 14:06:13.316184,2026-04-14 14:06:13.610230,0 days 00:00:00.294046,0.7776331869032946,0.8530060925961073,0.5071694291632929,9.082575319021412,0.042557249195272026,397,6,207,13.917767314234737,1447,3.407155079816715,0.0006974210568733784,1.5623360291767434,0.6537854726556266,PRUNED
29,0.6201753992247921,2026-04-14 14:06:13.610580,2026-04-14 14:06:13.692816,0 days 00:00:00.082236,0.45208430840810043,0.8434718425145458,0.9470979491778795,6.866344334668552,0.027091705228276093,352,8,181,3.531370528237572,966,1.0329127086424391e-08,5.233323089367265e-07,0.9309751496769135,0.5946015773345686,PRUNED
30,0.6285362736798408,2026-04-14 14:06:13.693212,2026-04-14 14:06:13.867319,0 days 00:00:00.174107,0.586073149104543,0.7990584444533113,0.8924306434347056,8.219232086440265,0.006504743721107672,330,5,148,25.349731620061835,903,0.02952964513922178,0.0017086425165221567,2.066297214394513,0.5485934371233018,PRUNED
31,0.3222515015398667,2026-04-14 14:06:13.867673,2026-04-14 14:06:16.427448,0 days 00:00:02.559775,0.7661442283590609,0.9971509633507084,0.7560491343185114,5.484842076855863,0.07868878105886597,128,6,256,22.78912355291238,1005,0.18795307110691642,1.1084216614736769e-05,2.824389876688966,0.6230907330128035,COMPLETE
32,0.6423564782406935,2026-04-14 14:06:16.427817,2026-04-14 14:06:17.609082,0 days 00:00:01.181265,0.7462586096380426,0.6724242731744026,0.6454280691771385,5.347652240499685,0.054644339627104764,226,6,236,20.273560392214975,1038,0.27839873733389126,1.434790254009265e-05,3.3636511061745873,0.7688042817119647,PRUNED
33,0.6328757099925088,2026-04-14 14:06:17.609453,2026-04-14 14:06:17.941525,0 days 00:00:00.332072,0.6929507463077363,0.7049834488102356,0.6979735732744887,4.2666082030588495,0.0005267772137974038,162,7,225,10.72340618484288,705,1.421781815403992,0.00020013116456958884,2.3484359539340622,0.6107830315348131,PRUNED
34,0.3248372706018365,2026-04-14 14:06:17.941875,2026-04-14 14:06:20.497856,0 days 00:00:02.555981,0.8016173454228208,0.8963762821992775,0.8008329891421765,6.669662093856811,0.07855037332584319,303,5,256,27.13534284281266,593,0.0006124219567648484,0.00010364813849560694,2.510098691325177,0.735701854838233,COMPLETE
35,0.6181895237022077,2026-04-14 14:06:20.498212,2026-04-14 14:06:20.568947,0 days 00:00:00.070735,0.8211507131509925,0.9128808880945947,0.8738199481125268,6.71687691694154,0.0547062404931844,368,4,81,29.533341976407115,581,0.0003905005403862745,0.000195539721044858,2.4772056738511976,0.8082625417296045,PRUNED
36,0.6284910823188925,2026-04-14 14:06:20.569282,2026-04-14 14:06:20.673552,0 days 00:00:00.104270,0.8912278729927706,0.8755192125602735,0.8440387777923771,8.384221399414937,0.020016712787735785,314,5,199,28.35200741361618,528,8.703373449567392e-06,0.3535860500327497,2.2296645467840484,0.7290135412735677,PRUNED
37,0.6136952443235519,2026-04-14 14:06:20.673906,2026-04-14 14:06:20.745541,0 days 00:00:00.071635,0.6183783955377652,0.7779278662295322,0.4500109668748842,0.0426564859683678,0.0016535544395051176,276,4,165,17.04674059394781,763,0.017775059827057356,0.017555674491287924,1.7377525613306406,0.8075119136542169,PRUNED
38,0.6089811380892506,2026-04-14 14:06:20.745889,2026-04-14 14:06:20.829809,0 days 00:00:00.083920,0.9970087370554364,0.933554982524131,0.7966973174456563,9.311230620527928,0.03466098600711847,251,3,25,26.45790184466556,647,3.692939323821779e-05,4.178949955063556,1.3312700696632545,0.7783322158114823,PRUNED
39,0.6093773030899736,2026-04-14 14:06:20.830640,2026-04-14 14:06:20.908953,0 days 00:00:00.078313,0.5322132623693622,0.7405610274227656,0.3433245924847156,7.401371049739219,0.0009793511522463154,336,5,241,8.438195431519073,502,0.0020972399962821517,0.165691933161775,2.044514670134707,0.6648287337008479,PRUNED
40,0.6141271451283067,2026-04-14 14:06:20.909309,2026-04-14 14:06:20.985420,0 days 00:00:00.076111,0.9385230855042868,0.8711251839952469,0.4001025717770934,6.4320748551758316,0.04306844129920691,309,4,138,20.441205678025447,1214,0.00025089839729686733,9.184981572098816e-05,3.7540008862122116,0.8434770731990434,PRUNED
41,0.6291137075101162,2026-04-14 14:06:20.985769,2026-04-14 14:06:21.116810,0 days 00:00:00.131041,0.7743635221928161,0.9758870540469881,0.770898462160996,5.549248142283678,0.07631540336018647,235,6,255,23.455746746930156,897,0.04949343390004992,1.572379970850411e-05,2.822745213367245,0.7072881619379006,PRUNED
42,0.6184203373550957,2026-04-14 14:06:21.117168,2026-04-14 14:06:21.196959,0 days 00:00:00.079791,0.7073372458250929,0.9983922178555964,0.7377985111318615,5.029834841909397,0.06067808272654368,384,6,255,23.467432806058877,1004,15.230764486535334,8.544140626611325e-06,2.806018103296526,0.6249306967943979,PRUNED
43,0.6287648300852068,2026-04-14 14:06:21.197292,2026-04-14 14:06:21.308020,0 days 00:00:00.110728,0.8081065609774878,0.9057149075730838,0.7143158018237705,5.874882816344133,0.0658280867347544,267,5,214,26.393542265502425,1375,0.25490607203411764,1.12016907921151e-06,3.167548027761029,0.6870467728407526,PRUNED
44,0.6314705468459683,2026-04-14 14:06:21.308377,2026-04-14 14:06:21.507328,0 days 00:00:00.198951,0.8746064987848825,0.9492980826280091,0.5730657415511636,3.8453784341678334,0.03438319357301894,158,6,243,15.238556832916558,1123,4.4016055178658283e-07,0.0010253426273132541,2.3863744332963246,0.648570348313673,PRUNED
45,0.6415772587386118,2026-04-14 14:06:21.507681,2026-04-14 14:06:22.818813,0 days 00:00:01.311132,0.6294489595430767,0.7530576940460507,0.6453101512698046,2.509514324886696,0.04920917574772489,435,7,228,21.77124351321866,770,0.0005147273443252732,2.379264239457618e-07,3.008366091145888,0.9993437354824602,PRUNED
46,0.3248029876857651,2026-04-14 14:06:22.819173,2026-04-14 14:06:25.558251,0 days 00:00:02.739078,0.7356944960486963,0.6426173713516564,0.8329709603755617,7.06694950557894,0.07481562081353019,201,5,187,17.15579526540106,1935,0.0777719417982142,7.331297060559703e-05,2.702006903527672,0.5756113122789198,COMPLETE
47,0.6195195472169678,2026-04-14 14:06:25.558610,2026-04-14 14:06:25.627806,0 days 00:00:00.069196,0.7277129386827161,0.6509797681209525,0.9525350637577944,7.120602521198256,0.0031230925926392958,193,4,187,17.19636832680184,1929,0.010566551352081692,0.006436136312368146,1.8870283934333725,0.533288732566333,PRUNED
48,0.6249403469814909,2026-04-14 14:06:25.628192,2026-04-14 14:06:25.711942,0 days 00:00:00.083750,0.839922085784903,0.6055785370055957,0.8330229836989462,8.017058320229298,0.02886947393998546,210,5,169,11.076573275482486,1795,0.0731005937784009,7.287863419920386e-05,2.628325563550751,0.5717442905243432,PRUNED
49,0.6079989213132996,2026-04-14 14:06:25.712284,2026-04-14 14:06:25.784592,0 days 00:00:00.072308,0.5740646189678442,0.5685821018375357,0.8942979722742102,6.428694474075599,0.0394898398734517,275,3,153,14.238341841399684,415,0.0015264636666052949,0.00026787403167877313,2.162251588286209,0.6024356600721356,PRUNED
50,0.6224512664163028,2026-04-14 14:06:25.784917,2026-04-14 14:06:25.862859,0 days 00:00:00.077942,0.3333735983589143,0.5880932877283073,0.9989620112208253,7.742784734165189,0.014487447465581577,289,5,208,5.496816483077222,1645,0.002923854390813513,2.1126847379635827e-06,3.3223970730454044,0.7391321492642214,PRUNED
51,0.6231945018404605,2026-04-14 14:06:25.863220,2026-04-14 14:06:25.972426,0 days 00:00:00.109206,0.7456873715483511,0.6974934043279581,0.787508606102143,6.0333506076256125,0.07490078249485252,181,6,245,19.48411263638345,1978,0.2057291498433475,3.706802053072805e-05,2.7767229860290765,0.575979950361513,PRUNED
52,0.623859370839228,2026-04-14 14:06:25.972776,2026-04-14 14:06:26.050871,0 days 00:00:00.078095,0.6715907390350578,0.8281069556266115,0.7614223132416174,4.802771605511454,0.06320807610040532,145,5,219,21.384077761254105,882,0.024809970564054873,1.1433630518633063e-05,2.984297754624351,0.6334420934382294,PRUNED
53,0.6332997544954813,2026-04-14 14:06:26.051229,2026-04-14 14:06:26.494616,0 days 00:00:00.443387,0.7601047020096474,0.5298055097707884,0.8703431041907734,5.86179253514094,0.07861566041248058,246,6,187,17.854194793822717,656,0.8704051350689069,0.00010167775434174769,2.455685743712695,0.5301054934655379,PRUNED
54,0.629392212329193,2026-04-14 14:06:26.494965,2026-04-14 14:06:26.646099,0 days 00:00:00.151134,0.7929090322237448,0.7833042138319998,0.8150567303962986,8.549371902123823,0.051027976419621444,323,7,256,23.205210413480025,1587,2.503124209728137,0.0006061433924663207,3.1323056919141283,0.6177499556428651,PRUNED
55,0.6295122755268366,2026-04-14 14:06:26.646462,2026-04-14 14:06:26.766933,0 days 00:00:00.120471,0.7183638828142331,0.8135277371701203,0.7211882287257728,9.435245142669022,0.06393072014773757,218,6,206,15.568108538703315,1784,0.09230562312612897,4.404758526863709e-06,2.693835915361392,0.6730891002538675,PRUNED
56,0.6211488543493351,2026-04-14 14:06:26.767283,2026-04-14 14:06:26.875027,0 days 00:00:00.107744,0.8397040531797203,0.9738398498129446,0.9661067857574671,7.065642026473614,0.046366250637293334,343,5,235,13.372572898377731,811,3.357046835136542e-08,2.8988698609930482e-05,2.5384114070576773,0.5516497033647401,PRUNED
57,0.6292186903545045,2026-04-14 14:06:26.875376,2026-04-14 14:06:26.993568,0 days 00:00:00.118192,0.6760841339451975,0.6325726899956438,0.6659237509284179,6.373088297004529,0.03407008120053218,128,6,223,26.976067517479628,951,0.005880389141470217,0.0018024856078385663,1.4150634890051224,0.7102404860724276,PRUNED
58,0.6234872633267633,2026-04-14 14:06:26.993926,2026-04-14 14:06:27.070037,0 days 00:00:00.076111,0.6342730542539802,0.8908632695705344,0.9120813309220982,1.4674318932373343,0.058052637382853635,237,5,130,29.58228795013194,1170,0.4692811700666574,0.006442879135238789,2.308263200293464,0.5017314546528127,PRUNED
59,0.613389785494268,2026-04-14 14:06:27.070419,2026-04-14 14:06:27.147451,0 days 00:00:00.077032,0.8695488827141115,0.7107302723492187,0.5310646258916536,7.65463607731248,0.03968383829844983,150,4,160,24.904372362774687,1012,18.893184285812083,0.00039076747334644286,1.7532377411512443,0.6580928315814649,PRUNED
60,0.621671734375204,2026-04-14 14:06:27.147799,2026-04-14 14:06:27.237092,0 days 00:00:00.089293,0.4729003265206711,0.9308814515816306,0.6096659141452327,3.9022015619415895,0.021071087859370757,505,7,195,9.260580943216763,1092,0.12017036511242227,0.00012474267088734273,3.4710595867985616,0.5954222567942324,PRUNED
61,0.32536576832180386,2026-04-14 14:06:27.237423,2026-04-14 14:06:29.851047,0 days 00:00:02.613624,0.7483604013529958,0.9923361860902581,0.6891012253009158,5.176617698041966,0.07881484846500734,137,6,247,22.705607036794603,942,0.011009763252671131,2.2579707376240166e-05,2.868856129652945,0.6440176552318448,COMPLETE
62,0.6195085090572372,2026-04-14 14:06:29.851445,2026-04-14 14:06:29.943733,0 days 00:00:00.092288,0.815675240379478,0.9855783899578833,0.31123262616006014,5.221353126505052,0.06861103705488594,174,6,248,22.70917200544416,899,0.011391176865630098,3.320784068119739e-05,2.870523286840051,0.6403044919175926,PRUNED
63,0.6307456987225274,2026-04-14 14:06:29.944093,2026-04-14 14:06:30.079726,0 days 00:00:00.135633,0.7610554866817607,0.9613005674007828,0.684188197584985,3.281446076723558,0.07949877570430243,142,6,238,21.053016935167445,846,0.04012445518347772,2.053609948641691e-06,2.9047344169241485,0.5715057423640396,PRUNED
64,0.6251409242907939,2026-04-14 14:06:30.080094,2026-04-14 14:06:30.164400,0 days 00:00:00.084306,0.7019458904557656,0.7592837672591293,0.7993632384726663,4.8005599441488895,0.054354272721927395,201,5,230,11.727503332699131,1271,0.0008164876163582848,5.665513523381521e-06,2.6707085486008832,0.6767504668567984,PRUNED
65,0.6226319526234255,2026-04-14 14:06:30.164732,2026-04-14 14:06:30.250223,0 days 00:00:00.085491,0.7338652191673164,0.6771120035021141,0.7715731218927505,5.576314572263579,0.04738927709267076,364,7,249,18.92282388219786,746,0.33537349028157526,1.984660819062382e-05,3.224642718775408,0.6101805830057382,PRUNED
66,0.6239599139401937,2026-04-14 14:06:30.250592,2026-04-14 14:06:30.332355,0 days 00:00:00.081763,0.783591042461421,0.8571998719730337,0.730452451016784,8.874929823669502,0.06796757883920142,469,6,177,15.026242407878508,584,0.0047763382972775105,4.572719450446576e-05,2.0046186769169942,0.7576106338031493,PRUNED
67,0.6172188702960761,2026-04-14 14:06:30.332688,2026-04-14 14:06:30.408372,0 days 00:00:00.075684,0.6439715303803317,0.9312272668241312,0.6332587430909674,6.60599919350281,0.030216694278538944,188,5,202,23.87385304682027,972,0.02250246978948146,4.630527541029526e-07,3.022681248280365,0.6983128492125718,PRUNED
68,0.6201699855217894,2026-04-14 14:06:30.408716,2026-04-14 14:06:30.489599,0 days 00:00:00.080883,0.3961315223789124,0.8028148335838061,0.848142568153841,9.655250814774066,0.05705243290310938,290,6,220,13.11467308270878,675,0.00016396936321704664,0.0009823157763380309,2.214071290594663,0.7241019783299945,PRUNED
69,0.6213378963182812,2026-04-14 14:06:30.489961,2026-04-14 14:06:30.593065,0 days 00:00:00.103104,0.76082017503192,0.9484531090823756,0.594344969519951,4.529330900080901,0.041730635729102246,154,6,215,15.991792048709447,1404,4.526420469078096,0.004002704626423282,2.554202755597392,0.6322370177550941,PRUNED
70,0.6277058265187817,2026-04-14 14:06:30.593416,2026-04-14 14:06:30.702533,0 days 00:00:00.109117,0.8018765476093328,0.7230218743606357,0.6994355022806203,7.030789555378879,0.007657716766351639,306,7,237,27.72128348867282,1075,1.064794256569431,0.0161614577259531,3.631625856280535,0.5863704943030438,PRUNED
71,0.6241217142171019,2026-04-14 14:06:30.702859,2026-04-14 14:06:30.786086,0 days 00:00:00.083227,0.7390546738649074,0.997913825575797,0.7443256872174687,6.187983866923995,0.07164715638167242,136,5,250,24.886037403677978,946,0.07102254571884188,9.502930387187014e-06,2.7658091489461993,0.6242313293342805,PRUNED
72,0.6248174325769441,2026-04-14 14:06:30.786477,2026-04-14 14:06:30.876117,0 days 00:00:00.089640,0.824060135774313,0.9639258168831041,0.8164716186076081,5.87177720712071,0.060946052177942564,164,6,106,22.18276796780756,817,0.1474763715840848,0.00018024126603540297,3.1047425721912036,0.6660615877678657,PRUNED
73,0.6234733116642935,2026-04-14 14:06:30.876454,2026-04-14 14:06:30.959707,0 days 00:00:00.083253,0.6869539828255673,0.9847192564062968,0.7659301687948621,8.24373070472911,0.07839752189395827,173,6,247,19.44622764078262,1540,0.013830295172262919,6.562420426683554e-05,1.6540344891783898,0.603643467941269,PRUNED
74,0.6099394312304477,2026-04-14 14:06:30.960064,2026-04-14 14:06:31.033890,0 days 00:00:00.073826,0.7081778491910218,0.8454616614732113,0.6802012114408448,5.345222688824106,0.045920481696298615,137,5,229,17.80836783415412,1028,1.6592533776650396,36.267240610361,2.394345373218528,0.6465079000677371,PRUNED
75,0.6273661218832186,2026-04-14 14:06:31.034204,2026-04-14 14:06:31.135068,0 days 00:00:00.100864,0.6585417345837468,0.8903327626714508,0.8334990457939635,5.607472199088603,0.005449765914370107,130,9,32,22.239099958438505,738,0.033797014805092125,1.8274120345261122e-05,2.8912661958205264,0.5430670824826341,PRUNED
76,0.625527739593448,2026-04-14 14:06:31.135424,2026-04-14 14:06:31.234146,0 days 00:00:00.098722,0.8517414941598022,0.9176780983529813,0.6595322696496675,7.3298813575717725,0.053117242627826536,267,7,256,26.002347409147372,935,0.46469205425328064,0.0003987904283369525,3.402155450494807,0.688432414914049,PRUNED
77,0.6203730967291375,2026-04-14 14:06:31.234528,2026-04-14 14:06:31.319821,0 days 00:00:00.085293,0.6025522029903676,0.9868828314672566,0.5568474196100355,6.694584377036179,0.06722088179637373,150,6,241,20.62133713631508,466,0.002974181841902493,1.5083017489024376e-06,3.2434632359277487,0.792863568314997,PRUNED
78,0.6192504504974324,2026-04-14 14:06:31.320170,2026-04-14 14:06:31.417950,0 days 00:00:00.097780,0.7741760212983263,0.766289512370225,0.7861831733943107,5.0965987036668725,0.03805179792782173,378,5,189,10.050433334978907,1171,0.007939431938380424,2.991010043954466e-06,1.8668236502737188,0.5640857913923577,PRUNED
79,0.6200629249947514,2026-04-14 14:06:31.418328,2026-04-14 14:06:31.494090,0 days 00:00:00.075762,0.886631184874042,0.9567679193934607,0.7507235822790069,6.162985128979039,0.0019072522314623787,398,4,225,16.57969353113461,1134,0.0011291688348675087,7.78188964856714e-06,2.1142229177334073,0.5834279884616057,PRUNED
80,0.6221768166758722,2026-04-14 14:06:31.494437,2026-04-14 14:06:31.579998,0 days 00:00:00.085561,0.9225714280427044,0.9990790294666395,0.7149938902353135,4.739800588225024,0.05871651409936233,354,6,235,22.802767879254553,1334,0.1724712378503394,0.000141232190776094,2.556890206612164,0.6547844524738929,PRUNED
81,0.6293423486411698,2026-04-14 14:06:31.580317,2026-04-14 14:06:31.702368,0 days 00:00:00.122051,0.7299410912897739,0.9726445637661976,0.7834160653762948,5.750289698405117,0.06908676293120021,257,6,252,24.35521339304703,881,0.08610551115814333,2.167153826728363e-05,3.1022519802764803,0.6295902077637475,PRUNED
82,0.6281077642080944,2026-04-14 14:06:31.702723,2026-04-14 14:06:31.818278,0 days 00:00:00.115555,0.7555291165924863,0.9391205685539845,0.8647957078332761,6.39310775206569,0.04960592299302415,159,6,244,19.88283977740748,996,0.04352420664774559,5.9957630855458234e-05,2.742097062045187,0.6181045459185879,PRUNED
83,0.6309106782561033,2026-04-14 14:06:31.818653,2026-04-14 14:06:31.948459,0 days 00:00:00.129806,0.7162069482585421,0.9700427049878607,0.9347878077661624,4.167263316229794,0.07875906277834434,141,6,242,21.597686797044606,932,0.28304796742719535,3.7918037556519346e-06,2.90917552495967,0.9056343353980862,PRUNED
84,0.6232752639807987,2026-04-14 14:06:31.948814,2026-04-14 14:06:32.026807,0 days 00:00:00.077993,0.783882060306313,0.7904859788734997,0.8031040733659045,8.05043002503061,0.06277158648247864,129,5,169,11.7178724271863,796,0.6806254246753943,0.00032096807931593217,2.617341086529047,0.6414590400385851,PRUNED
85,0.6229106581633642,2026-04-14 14:06:32.027130,2026-04-14 14:06:32.115358,0 days 00:00:00.088228,0.6813106130745111,0.9883550148959694,0.8911659604901666,6.153330313917417,0.06957727833997995,317,7,212,23.93558915411329,845,0.01929104143542286,0.0021290986730116727,3.013567520067278,0.5984986676039811,PRUNED
86,0.6199360003683508,2026-04-14 14:06:32.115731,2026-04-14 14:06:32.214657,0 days 00:00:00.098926,0.7997434516315963,0.7389772613667557,0.6299860000671909,6.874019878799153,0.030789380972436487,184,5,181,25.598794905315817,1045,0.051488765479716175,3.0408866318258494e-05,2.277622575106343,0.8305228085164942,PRUNED
87,0.6235164238411093,2026-04-14 14:06:32.214982,2026-04-14 14:06:32.300737,0 days 00:00:00.085755,0.8279948138588348,0.9211658702583456,0.6899739217431412,7.657190012084983,0.052270784701235536,297,6,88,13.785387320470504,609,2.7033019231103187e-05,1.2839126211029841e-05,2.473558306652379,0.685108329158244,PRUNED
88,0.6327945422294594,2026-04-14 14:06:32.301181,2026-04-14 14:06:32.524016,0 days 00:00:00.222835,0.5564607957970111,0.9451679599022353,0.7345080819002603,7.265666887261146,0.042203182199888306,176,6,251,20.981895140392854,704,0.1193710181761132,0.0012573760949491294,1.9673079047173125,0.6633423605086191,PRUNED
89,0.6196679854469501,2026-04-14 14:06:32.524409,2026-04-14 14:06:32.597308,0 days 00:00:00.072899,0.7478906083882255,0.6570682435340621,0.8374687241242441,8.449288101988301,0.061025265579635224,203,4,256,18.50312817875657,985,0.008257600612902993,0.0005447607941402627,2.8325829414291923,0.5184061870498851,PRUNED
90,0.6231380872437001,2026-04-14 14:06:32.597660,2026-04-14 14:06:32.682696,0 days 00:00:00.085036,0.6979741841723487,0.9014488509851415,0.8238233772783852,9.048533863471903,0.07116771479492041,278,5,231,22.852697705827808,1100,0.1978699918826204,9.185452164598124e-05,3.090170107052728,0.6376967801286263,PRUNED
91,0.6179227199192581,2026-04-14 14:06:32.683057,2026-04-14 14:06:32.780968,0 days 00:00:00.097911,0.8620145864234426,0.9557271912077588,0.7530009336473303,1.958627776214048,0.045083741438384825,440,8,150,5.7957521221315735,1809,1.8168815450964063e-06,1.1420507486392098e-08,1.6267008860033672,0.8768648302304731,PRUNED
92,0.6214109507659288,2026-04-14 14:06:32.781313,2026-04-14 14:06:32.872804,0 days 00:00:00.091491,0.7708333509880504,0.8657130725526416,0.7079024963396705,6.601668517472707,0.05679334793251506,420,6,205,5.493860667952553,1852,1.9325275550125452e-06,1.5823952327944653e-07,1.8160629716870016,0.6127710043119132,PRUNED
93,0.6179818386554219,2026-04-14 14:06:32.873137,2026-04-14 14:06:32.975360,0 days 00:00:00.102223,0.7210898129988388,0.9790522870803616,0.6756671340020742,0.43904637202114927,0.03640185484739681,484,9,161,7.184128810954716,1893,4.822320166192242e-05,0.0002178402829181627,2.1306840480717737,0.7127479800329082,PRUNED
94,0.6183264352071777,2026-04-14 14:06:32.975729,2026-04-14 14:06:33.088258,0 days 00:00:00.112529,0.8923355578214082,0.9634326379578854,0.7787815347163872,5.321535668577129,0.02553953052007318,147,8,172,1.775346543204206,1991,2.3823840482460982e-07,4.92661998872072e-07,1.1225302711219078,0.9514199091405223,PRUNED
95,0.6348155339661835,2026-04-14 14:06:33.088615,2026-04-14 14:06:33.584090,0 days 00:00:00.495475,0.7939136495336876,0.6278776442019527,0.7614829682503289,5.68405450628149,0.051163232783463505,335,7,182,14.545448285463088,911,0.38292368699431373,4.734715049468466e-05,2.7202747539707013,0.7381973468656222,PRUNED
96,0.6227501233374225,2026-04-14 14:06:33.584468,2026-04-14 14:06:33.667115,0 days 00:00:00.082647,0.839946780541234,0.8271038429987672,0.978529923258632,4.939058195769622,0.011699420127799488,233,6,195,28.880625836982386,1753,8.636732007128821e-06,0.004025126530422435,1.4464579904673465,0.5625359084963886,PRUNED
97,0.623454822322464,2026-04-14 14:06:33.667434,2026-04-14 14:06:33.750784,0 days 00:00:00.083350,0.3138506145538601,0.6859974850765519,0.8039310864128536,3.029748255026341,0.07968188645045647,220,6,132,26.875513241271925,1915,0.066581280013474,2.1150518225386753e-08,2.388601985640983,0.9575742542936657,PRUNED
98,0.6359543316733899,2026-04-14 14:06:33.751133,2026-04-14 14:06:34.218562,0 days 00:00:00.467429,0.7420633633342281,0.9992930221078435,0.7193030225765895,4.534152634104822,0.0647119520737366,479,5,142,17.582280249266418,1224,0.027510764974981415,5.443424384217011e-08,2.9466828879307045,0.674390355342365,PRUNED
99,0.6196424557949207,2026-04-14 14:06:34.218929,2026-04-14 14:06:34.303984,0 days 00:00:00.085055,0.8178885372013961,0.5354106764940144,0.658084543807457,6.08398485738466,0.0713273815110314,168,7,246,22.132745590401093,858,5.038108321065896e-06,1.101011046169763e-06,0.4341804309310111,0.5796075289002589,PRUNED
100,0.6083703095201789,2026-04-14 14:06:34.304343,2026-04-14 14:06:34.383401,0 days 00:00:00.079058,0.3653726891134083,0.7771426796692431,0.604272409549529,8.668315505495451,0.055968097463265455,136,5,234,24.569199813396953,1715,1.798599803997071,5.677461715818453,3.1814762003127983,0.542110250062564,PRUNED
101,0.600764676378222,2026-04-14 14:06:34.383748,2026-04-14 14:06:34.460971,0 days 00:00:00.077223,0.4665132745865646,0.6456879255428635,0.7293620162203887,2.4595239439291543,0.004458748468345035,327,3,67,9.063967524042392,565,0.0027424880042912526,0.12179608908508363,2.6281340902253865,0.7711719023917678,PRUNED
102,0.6095886732242036,2026-04-14 14:06:34.461294,2026-04-14 14:06:34.539955,0 days 00:00:00.078661,0.6716363005840857,0.5909910813868644,0.48763698701584735,2.1774397796326923,0.00349174534558911,458,4,43,8.360186382858899,791,0.00038924735447613313,0.030746947434012205,2.23608516904656,0.8834871022411023,PRUNED
103,0.5959157552782561,2026-04-14 14:06:34.540343,2026-04-14 14:06:34.615111,0 days 00:00:00.074768,0.3936807342314881,0.714448030601195,0.36949225308738765,1.7552894509832793,0.005215637101137947,309,3,239,7.304614719715318,531,0.00019996852335101017,2.220687587378311,2.061177227735182,0.6486697142084684,PRUNED
104,0.6141202316550622,2026-04-14 14:06:34.615435,2026-04-14 14:06:34.690968,0 days 00:00:00.075533,0.5040147483247528,0.6678053004736645,0.8544163935358007,1.4815419934741794,0.04826116790683304,212,4,121,12.338929113923705,1945,0.0007750499644743526,5.818218861784798e-06,2.809279369068749,0.924286059187173,PRUNED
105,0.6248790156372931,2026-04-14 14:06:34.691366,2026-04-14 14:06:34.809257,0 days 00:00:00.117891,0.7620502978100239,0.6130587054655674,0.41887535727389247,5.4216769532445435,0.06154669732874675,285,6,157,10.617706548089235,708,1.8936746768768428e-05,1.0706852429075737,2.454461392460071,0.8562502706973552,PRUNED
106,0.6315103238954314,2026-04-14 14:06:34.809596,2026-04-14 14:06:35.002867,0 days 00:00:00.193271,0.6923031918506236,0.750703779576479,0.4440828383601136,0.7742142654747068,0.002500772219378851,347,6,250,3.962121614843739,634,0.0003889872037396855,2.576527166439971e-05,1.711086508860489,0.7553159433595463,PRUNED
107,0.6185281234858733,2026-04-14 14:06:35.003219,2026-04-14 14:06:35.094331,0 days 00:00:00.091112,0.6447838769885919,0.7292733633928771,0.6959668777399234,5.1735120588993215,0.0041190556165607226,302,6,190,9.764970465550318,880,0.000110627745301536,17.4096774695734,3.3006719470578636,0.5923051149398793,PRUNED
108,0.6175291439831123,2026-04-14 14:06:35.094696,2026-04-14 14:06:35.177788,0 days 00:00:00.083092,0.42134372518856106,0.6966246668029484,0.514738297285665,2.6339966268640764,0.006655333872916456,161,5,105,11.48772234162227,673,0.014221876133799586,0.4021289603482142,2.3326378461580286,0.6237068755027454,PRUNED
109,0.6170109801140233,2026-04-14 14:06:35.178149,2026-04-14 14:06:35.256700,0 days 00:00:00.078551,0.5322183429473529,0.9878941071277757,0.6388626972958518,6.901930612779873,0.07402462112181493,396,4,89,6.197486409140909,1059,0.11683278998527642,5.0007470506352836e-05,2.5441480099786133,0.6951236366682354,PRUNED
110,0.6220235120336359,2026-04-14 14:06:35.257033,2026-04-14 14:06:35.343253,0 days 00:00:00.086220,0.855260604297223,0.9240802572716763,0.796578464531035,9.74229705848783,0.04196244107032904,366,6,225,12.811149683206908,500,0.001359640588731964,1.4451736683566064e-05,4.04578097622399,0.7982712108966287,PRUNED
111,0.60652375501145,2026-04-14 14:06:35.343619,2026-04-14 14:06:35.435095,0 days 00:00:00.091476,0.9564072469621265,0.8900914060180612,0.3692896825943547,6.357747145400731,0.001171545318268031,394,9,63,14.953093941216114,400,37.88199187321009,7.485455007029119,3.8908109958173984,0.7763767882078065,PRUNED
112,0.6219382023232832,2026-04-14 14:06:35.435416,2026-04-14 14:06:35.523102,0 days 00:00:00.087686,0.9854425465430587,0.8151111703047319,0.4321219406033882,5.763508873183071,0.0016876665276615436,424,6,58,16.625153252099743,447,0.25986105923614516,1.6723940183078512,3.7325736157154634,0.8257555593526463,PRUNED
113,0.6143305148082735,2026-04-14 14:06:35.523451,2026-04-14 14:06:35.644767,0 days 00:00:00.121316,0.9095443376993144,0.9764832613976195,0.3795573283602856,5.965272627551309,0.00893027694800516,196,9,99,23.746932443298327,501,10.029678188501897,0.00014335667168759964,4.163937754423431,0.7878951200572113,PRUNED
114,0.6235604570099686,2026-04-14 14:06:35.645084,2026-04-14 14:06:35.734866,0 days 00:00:00.089782,0.9280774140481574,0.9456155086224486,0.4051206762390327,5.498784878827537,0.002877348988119219,451,8,45,16.005129091103598,771,0.5949643477896357,0.11116223779599015,2.6844297206263508,0.738210905377219,PRUNED
115,0.6149811661242527,2026-04-14 14:06:35.735240,2026-04-14 14:06:35.830560,0 days 00:00:00.095320,0.7124068764006108,0.7642701285792365,0.8223642693936208,7.492294945197974,0.0008415669448690431,374,8,74,19.43990013098992,974,0.004372339894991331,15.091620485095127,3.0214872944188347,0.5153263217590737,PRUNED
116,0.6216308052023408,2026-04-14 14:06:35.830875,2026-04-14 14:06:35.923859,0 days 00:00:00.092984,0.9643629519444766,0.9563965617166988,0.32796911327877,6.639695048422228,0.06535635018138578,358,9,49,21.054490864548328,913,0.0019455800688659179,9.249001442229425e-06,1.5182559195589613,0.6670858806607453,PRUNED
117,0.6205987259399459,2026-04-14 14:06:35.924204,2026-04-14 14:06:36.015292,0 days 00:00:00.091088,0.7344435147483425,0.7898939290409185,0.7731154860308279,7.92995182756009,0.056320635632945884,385,7,199,13.486530550660085,1019,0.055586466973125595,0.00011889850829165608,1.8991731727520336,0.6092102577549418,PRUNED
118,0.6171813070563406,2026-04-14 14:06:36.015625,2026-04-14 14:06:36.099031,0 days 00:00:00.083406,0.7849993637853456,0.9678000684211813,0.4702501274735133,6.206707408886809,0.01546793726566106,247,5,253,8.299008816795695,839,2.8628874805682294,8.509227792583717e-05,3.543362149774124,0.7602245763001448,PRUNED
119,0.6366574838586159,2026-04-14 14:06:36.099383,2026-04-14 14:06:36.520330,0 days 00:00:00.420947,0.43503636322917766,0.8420376725763555,0.7471971889842712,7.188207095319954,0.07322600357546817,154,6,218,20.13147090471396,1636,1.1097128346224212,0.8565473314460458,2.170319700435882,0.8182711513066468,PRUNED
120,0.6210052413007818,2026-04-14 14:06:36.520676,2026-04-14 14:06:36.602886,0 days 00:00:00.082210,0.8326602836627215,0.8011983004352964,0.5674647540294849,4.935681360388976,0.07983112986433027,411,6,14,21.841385669317443,954,6.138111953078312,5.906555425303963e-06,2.8536769662472805,0.6519000695234198,PRUNED
121,0.6213519759411824,2026-04-14 14:06:36.603256,2026-04-14 14:06:36.716664,0 days 00:00:00.113408,0.8086372637772452,0.8761879658271154,0.927484497039027,8.150546056674061,0.0010787014424051518,343,9,176,5.066283904687994,603,4.246868081178236e-08,8.576562382494986,0.7871362356260951,0.549795294083342,PRUNED
122,0.6099360895770484,2026-04-14 14:06:36.717027,2026-04-14 14:06:36.802894,0 days 00:00:00.085867,0.7486655017870281,0.896595325156406,0.9078014210844833,8.8763185465293,0.0006459932570485935,321,9,184,4.516035382736687,1856,9.850414896088614e-07,20.633671045113406,0.8510755755758233,0.5345014498862897,PRUNED
123,0.6217000907159645,2026-04-14 14:06:36.803236,2026-04-14 14:06:36.893925,0 days 00:00:00.090689,0.7275128152892852,0.8657739075723726,0.9470290595182621,9.16328323057027,0.001409841736480081,333,9,167,23.17010549961435,997,0.03066640671111637,3.920680517947796,1.0718891512490887,0.5705474489678771,PRUNED
124,0.6114612704768484,2026-04-14 14:06:36.894276,2026-04-14 14:06:36.987808,0 days 00:00:00.093532,0.7758152213269333,0.9373369772163191,0.982097343264784,7.504365407795433,0.0018823521497413538,358,9,244,18.16055814893541,551,0.1491668288964229,28.38313331506533,1.3676812162297591,0.6333356845769684,PRUNED
125,0.6240957972468211,2026-04-14 14:06:36.988124,2026-04-14 14:06:37.074763,0 days 00:00:00.086639,0.6576442212745688,0.8527932865730802,0.8906523217297845,5.94692069117596,0.002092369636821431,137,6,193,6.655093086185846,1266,3.329257200477843e-08,3.61445903772164e-05,2.750826900750834,0.5100663069068027,PRUNED
126,0.6207396597887676,2026-04-14 14:06:37.075148,2026-04-14 14:06:37.171215,0 days 00:00:00.096067,0.7009848415065618,0.6853101131787798,0.880223526855785,8.342706781986683,0.06647224212258693,316,8,256,22.535677395563106,928,1.5354426596555385e-08,0.22759176602204645,2.9486118482415438,0.52765648806388,PRUNED
127,0.6221639116056087,2026-04-14 14:06:37.171531,2026-04-14 14:06:37.255375,0 days 00:00:00.083844,0.6205839067234111,0.7442333258444459,0.7907010265700053,6.446851733627988,0.0513670184160178,146,5,75,2.8577929772847024,874,6.59676882594936e-05,2.1873250971734706e-05,1.2005814318913748,0.7157714891889201,PRUNED
128,0.6161063970251605,2026-04-14 14:06:37.255734,2026-04-14 14:06:37.350060,0 days 00:00:00.094326,0.7591156739081236,0.8834570141680185,0.8398011544556164,8.575407803844653,0.0027476910292292883,383,8,249,14.157755201619949,825,0.0005514821016448349,0.012203278354010914,2.5115265626935477,0.6030126004259186,PRUNED
129,0.620631875252479,2026-04-14 14:06:37.350392,2026-04-14 14:06:37.460544,0 days 00:00:00.110152,0.8759365622531203,0.9902059005937098,0.39690996257039585,3.5025761854510247,0.0013131307954689084,341,6,209,15.51297375411071,1121,1.1353211330026325e-07,0.0008458748634223583,1.994363325767301,0.6571638776014694,PRUNED
130,0.6220317166295444,2026-04-14 14:06:37.460910,2026-04-14 14:06:37.549289,0 days 00:00:00.088379,0.36329200061263145,0.8324103398399454,0.8098050227074148,6.95856656105802,0.01216122562031649,270,6,181,27.63446357179899,1040,0.07096758009148382,11.323070081424596,2.60903973973537,0.6834527947804659,PRUNED
131,0.6065568620808848,2026-04-14 14:06:37.549606,2026-04-14 14:06:37.628960,0 days 00:00:00.079354,0.7187904691632176,0.7745075553168969,0.5923074509639401,1.1061853808067181,0.0038141109724520185,128,4,10,7.994381016669918,595,3.076608639179963e-07,46.09093991218288,3.924181170248962,0.9662993670596273,PRUNED
132,0.6150883926266222,2026-04-14 14:06:37.629360,2026-04-14 14:06:37.715645,0 days 00:00:00.086285,0.7328886636799427,0.7841474872583456,0.7636380904014626,0.8404501634499596,0.004809425496359847,284,4,28,9.93187827594562,481,9.38749351583181e-08,2.935340827045712,4.071475007492741,0.9131693630487957,PRUNED
133,0.5899626521927458,2026-04-14 14:06:37.716019,2026-04-14 14:06:37.791615,0 days 00:00:00.075596,0.5080477135186746,0.8076193810151214,0.6296447345183777,7.88738852893882,0.003467460228303679,238,4,5,9.020061976745065,1515,9.423931716256099e-07,0.03919245519978894,2.4484243906547354,0.9201722719581933,PRUNED
134,0.6225972649302994,2026-04-14 14:06:37.791960,2026-04-14 14:06:37.872342,0 days 00:00:00.080382,0.5788819854085511,0.9803141315026761,0.8628547426542788,0.1728433058927521,0.06164387011227255,230,4,240,6.687836621833592,431,0.4230411061171549,0.30479496339128415,2.329582087394628,0.9805304762003377,PRUNED
135,0.6201302086977682,2026-04-14 14:06:37.872674,2026-04-14 14:06:37.954317,0 days 00:00:00.081643,0.7957690362605209,0.7660906001258364,0.554040451846999,5.631076432077708,0.006555798221830383,512,4,116,21.467529777050498,532,0.017938696336523206,0.5621265631810688,3.9851040250076313,0.6404056198453505,PRUNED
136,0.6183348377013278,2026-04-14 14:06:37.954671,2026-04-14 14:06:38.038752,0 days 00:00:00.084081,0.5983504951168915,0.9144853257008957,0.6724275299389514,5.101254649562833,0.003118344754340527,262,5,137,16.90439667813349,965,0.008872274032867628,1.0277284801354536e-07,4.128004735091293,0.9999032040772032,PRUNED
137,0.6034700834865219,2026-04-14 14:06:38.039076,2026-04-14 14:06:38.118781,0 days 00:00:00.079705,0.3296351872376425,0.9994922783891784,0.6197335217049438,9.40128175991082,0.07130620338142084,255,3,21,7.645943069370199,1082,0.22769801351709812,0.00031741971073664737,3.068608049673987,0.5589417953318598,PRUNED
138,0.6227586291338448,2026-04-14 14:06:38.119119,2026-04-14 14:06:38.229821,0 days 00:00:00.110702,0.7507377567613766,0.6238406270669855,0.5287908518693799,1.205116933773072,0.005918411149974739,292,6,250,16.226090222426855,1950,3.191663202864775e-06,1.4230123755846543e-05,4.191498238040379,0.9278816747237562,PRUNED
139,0.6279428807758635,2026-04-14 14:06:38.230150,2026-04-14 14:06:38.339802,0 days 00:00:00.109652,0.4754336569046579,0.6408835719495785,0.7336030536994196,4.665458006063982,0.0023741134717976914,310,5,200,18.805741932277925,1425,1.0224384163302276e-08,6.0479855390062515e-05,3.8141512304897907,0.6216866344932434,PRUNED
140,0.6308209550287748,2026-04-14 14:06:38.340166,2026-04-14 14:06:38.483684,0 days 00:00:00.143518,0.4924063867314165,0.7532843985829326,0.7767477855834583,6.512361292147817,0.05702627434145901,407,6,163,11.303459979820067,679,0.09519982092743674,0.0005391332159741654,1.2713609102170966,0.898733109128039,PRUNED
141,0.607762077500314,2026-04-14 14:06:38.484005,2026-04-14 14:06:38.563630,0 days 00:00:00.079625,0.533776600172491,0.5161894160910312,0.8262423856917874,0.42681462393811653,0.0005053582690380596,214,3,151,28.239659010133742,639,0.03273489760696607,0.00026148160219448627,2.102769803659434,0.6709396557403913,PRUNED
142,0.6037248869856181,2026-04-14 14:06:38.563976,2026-04-14 14:06:38.640981,0 days 00:00:00.077005,0.6842465373430024,0.5888641635636573,0.8483267627954452,1.6069847186586705,0.0007706855143577525,135,3,155,26.76217178530173,1364,0.1459775459024122,0.0014132213037924017,2.2793704902998333,0.9350933318821727,PRUNED
143,0.5958754496083606,2026-04-14 14:06:38.641300,2026-04-14 14:06:38.724793,0 days 00:00:00.083493,0.7667029746540639,0.7293715700068292,0.8171379378425276,0.6914458088202826,0.0008397309975506209,179,3,37,28.644643461670704,1592,0.09018439871996317,0.00015650011524609363,3.4458282614452624,0.9768776917486193,PRUNED
144,0.6022326465282696,2026-04-14 14:06:38.725149,2026-04-14 14:06:38.801779,0 days 00:00:00.076630,0.44660215854361895,0.9083858022887833,0.46754287379424536,6.2771191282649665,0.0005789450325157583,142,3,141,29.616931186208614,1174,0.04490763764373411,2.7573263330995506e-05,1.804431370955553,0.8618200727772326,PRUNED
145,0.6295432446852329,2026-04-14 14:06:38.802104,2026-04-14 14:06:38.931183,0 days 00:00:00.129079,0.5690868286895209,0.5753313251198904,0.6536349521468272,1.157051313182531,0.0007162281820388935,195,6,124,25.904364506280036,1197,1.601436115579995e-05,0.0675179317661238,2.41921707872197,0.94467510390735,PRUNED
146,0.6366623688852486,2026-04-14 14:06:38.931553,2026-04-14 14:06:39.366983,0 days 00:00:00.435430,0.7069198230561511,0.5488802936582671,0.877491618096462,5.455014900517051,0.07051903413463187,167,5,256,29.02092551004146,737,0.0002742272968105152,7.664735876723241e-05,2.7790465733235212,0.9798801200179452,PRUNED
147,0.6240609989438137,2026-04-14 14:06:39.367315,2026-04-14 14:06:39.458405,0 days 00:00:00.091090,0.30167386475184044,0.7161397497223774,0.7903574566177606,2.017346494821381,0.0009968823532728324,151,6,188,27.405213420926707,1309,0.013567453535833832,2.5691776361334586e-06,2.676668005973481,0.9625536963900287,PRUNED
148,0.6289740231458358,2026-04-14 14:06:39.458756,2026-04-14 14:06:39.603914,0 days 00:00:00.145158,0.49544293118981403,0.9645698054220859,0.8058724984737635,5.829230046382986,0.07857387849611716,301,9,247,20.718368860473877,904,0.006087466005592304,3.881027212662547e-05,2.8810125931679686,0.7470150077646625,PRUNED
149,0.6300054671425562,2026-04-14 14:06:39.604527,2026-04-14 14:06:39.754090,0 days 00:00:00.149563,0.8110568726471208,0.7960098678656387,0.7134943204263964,8.802643832176742,0.06337349873580402,225,7,173,23.399818005172,1011,0.000133398104800842,1.259142086104725,3.657120914285751,0.6457658972558126,PRUNED
